ranking,name,highSchool,position,height,weight,stars,rating,college
1,Antwuan Jackson Jr.,"Blinn College (Ellenwood,  GA)",DT,6-2.25,305,4,0.929,Ohio State
2,Saivion Smith,"Mississippi Gulf Coast C.C. (Bradenton,  FL)",CB,1-Jun,175,4,0.929,Alabama
3,Lucas Krull,"Jefferson College (Shawnee,  KS)",TE,7-Jun,255,4,0.92,Florida
4,Tramonda Moore,"Independence C.C. (Oklahoma City,  OK)",OT,6-Jun,330,4,0.9128,Oklahoma
5,Travez Moore,"Copiah-Lincoln C.C. (Bastrop,  LA)",WDE,6-Jun,250,4,0.9074,LSU
6,Devonte Wyatt,"Hutchinson C.C. (Decatur,  GA)",DT,3-Jun,300,4,0.9067,Georgia
7,Badara Traore,"ASA College (New York) (Hyde Park,  MA)",OT,7-Jun,310,4,0.902,LSU
8,Teair Tart-Spencer,"East Mississippi C.C. (Scooba,  MS)",DT,4-Jun,295,4,0.9004,FIU
9,Tayland Humphrey,"Hutchinson C.C. (Spring,  TX)",DT,5-Jun,350,4,0.8992,FIU
10,Dominick Wood-Anderson,"Arizona Western College (Spring Valley,  CA)",TE,5-Jun,245,4,0.8979,Tennessee
11,Jeremy Webb,"ASA College (New York) (Lincolnshire,  IL)",CB,3-Jun,195,4,0.8979,Virginia Tech
12,Caleb Tremblay,"American River C.C. (Sacramento,  CA)",DT,5-Jun,275,4,0.8967,USC
13,Anthony McKinney,"Iowa Western C.C. (Machesney Park,  IL)",OT,8-Jun,330,4,0.8967,TCU
14,Jordan Allen,"City College of San Francisco (Fairfield,  CA)",WDE,4-Jun,230,4,0.8967,Tennessee
15,Daquan Newkirk,"Mississippi Gulf Coast C.C. (Orlando,  FL)",DT,3-Jun,282,4,0.8959,Auburn
16,Stephen Guidry,"Hinds C.C. (Morganza,  LA)",WR,4-Jun,190,4,0.894,Mississippi State
17,Davion Taylor,"Coahoma C.C. (Clarksdale,  MS)",OLB,2-Jun,215,4,0.8939,Colorado
18,Emmit Gooden,"Independence C.C. (Brownsville,  TN)",DT,4-Jun,305,4,0.8933,Tennessee
19,Marlon Character Jr.,"Northwest Mississippi C.C. (Atlanta,  GA)",S,Jun-00,190,4,0.8913,Louisville
20,Noah Jefferson,"Arizona Western College (Las Vegas,  NV)",DT,5-Jun,330,3,0.8892,Florida Atlantic
21,Mikey Grandy,"College of San Mateo (Palo Alto,  CA)",OT,5-Jun,305,3,0.8871,Texas
22,Noah Banks,"Iowa Western C.C. (Pensacola,  FL)",OT,7-Jun,305,3,0.8871,Florida
23,Jahmir Johnson,"Arizona Western College (Philadelphia,  PA)",OT,5-Jun,273,3,0.8864,Tennessee
24,Jaron Woodyard,"Arizona Western College (Bethesda,  MD)",WR,10-May,176,3,0.8859,Nebraska
25,Victor Viramontes,"Riverside C.C. (Norco,  CA)",DUAL,2-Jun,230,3,0.8851,Minnesota
26,Malik Henry,"Independence C.C. (Long Beach,  CA)",DUAL,2-Jun,185,3,0.885,uncommitted
27,Greg Bell,"Arizona Western College (Chula Vista,  CA)",RB,Jun-00,200,3,0.8846,Nebraska
28,Dorian Gerald,"College of the Canyons (Florence,  SC)",SDE,3-Jun,260,3,0.884,Arkansas
29,TJ Bradley,"Lackawanna C.C. (Leesburg,  VA)",OT,8-Jun,290,3,0.8838,Maryland
30,Will Honas,"Butler C.C. (El Dorado,  KS)",ILB,2-Jun,225,3,0.8818,Nebraska
31,Michael Boykin,"Gulf Coast C.C. (Carrollton,  GA)",SDE,6-Jun,285,3,0.8818,Louisville
32,Benjie Franklin,"Navarro College (Houston,  TX)",CB,11-May,185,3,0.881,uncommitted
33,Byron Cowart,"Hillsborough C.C. (Seffner,  FL)",WDE,3-Jun,277,3,0.88,Maryland
34,Deontai Williams,"Jones County J.C. (Jacksonville,  FL)",S,Jun-00,175,3,0.8784,Nebraska
35,Justin Eichman,"Butler County (KS) (El Dorado,  KS)",OT,9-Jun,340,3,0.8778,Kansas State
36,Nero Nelson,"Copiah-Lincoln C.C. (Hollandale,  MS)",WR,Jun-00,180,3,0.8772,Florida Atlantic
37,Joshua Norwood,"Northwest Mississippi C.C. (Valdosta,  GA)",CB,10-May,175,3,0.8772,West Virginia
38,Jace Sternberger,"Northeastern Oklahoma A&M (Kingfisher,  OK)",TE,4-Jun,240,3,0.8765,Texas A&M
39,Johncarlo Valentin,"ASA College (New York) (Philadelphia,  PA)",OG,5-Jun,330,3,0.8765,Baylor
40,Lindsey Scott,"East Mississippi C.C. (Zachary,  LA)",PRO,11-May,210,3,0.8764,Missouri
41,Terry Wilson,"Garden City C.C.  (Oklahoma City,  OK)",DUAL,3-Jun,195,3,0.8752,Kentucky
42,Dantrell Barkley,"Independence C.C. (Independence,  KS)",DT,4-Jun,285,3,0.8743,Charlotte
43,Dominique Harrison,"Blinn College (Humble,  TX)",CB,Jun-00,185,3,0.8731,Arizona State
44,Jared Goldwire,"Fort Scott C.C. (Kent,  WA)",DT,7-Jun,280,3,0.873,Louisville
45,Antar Thompson,"Highland Community College (Saint Louis,  MO)",DT,5-Jun,310,3,0.873,Missouri
46,Daviyon Nixon,"Iowa Western C.C. (Kenosha,  WI)",DT,6-2.5,272,3,0.873,Iowa
47,Tareke Lewis,"Riverside C.C. (Palatka,  FL)",CB,1-Jun,170,3,0.8727,Utah
48,Kirk Merritt,"East Mississippi C.C. (Destrehan,  LA)",WR,11-May,205,3,0.8722,Arkansas State
49,Scottie Phillips,"Jones County J.C. (Ellisville,  MS)",RB,9-May,205,3,0.8719,Ole Miss
50,Marcel Southall,"Tyler J.C.  (Duncanville,  TX)",DT,2-Jun,285,3,0.87,Florida Atlantic
51,Mekhi Sargent,"Iowa Western C.C. (Key West,  FL)",RB,8-May,190,3,0.87,Iowa
52,Ronnie Jamison,"Highland C.C. (Irmo,  SC)",WR,2-Jun,190,3,0.8698,uncommitted
53,Jabari Ellis,"Georgia Military College (Santee,  SC)",DT,2-Jun,280,3,0.8697,South Carolina
54,Michael Scott,"Trinity Valley C.C. (Irving,  TX)",WDE,5-Jun,240,3,0.869,Oklahoma State
55,Jason Dickson,"Diablo Valley College (Pleasant Hill,  CA)",OT,7-Jun,309,3,0.869,Minnesota
56,Levon Livingston,"Navarro College (Washington,  DC)",OT,7-Jun,275,3,0.8689,SMU
57,Vernon Dasher,"Coffeyville C.C. (Baxley,  GA)",OLB,3-Jun,215,3,0.8689,Ole Miss
58,Nigel Kilby,"Garden City C.C.  (Fort Wayne,  IN)",TE,8-Jun,250,3,0.8669,Southern Illinois
59,Mohamed Diallo,"Arizona Western College (Toronto,  ON)",DT,4-Jun,320,3,0.8665,Texas A&M
60,Bryant Pirtle,"Pima C.C. (Louisville,  KY)",WDE,3-Jun,235,3,0.8657,Utah
61,Damien Lewis,"Northwest Mississippi C.C. (Senatobia,  MS)",OG,3-Jun,320,3,0.8656,LSU
62,Vonte Davis,"Blinn College (Rosenberg,  TX)",CB,1-Jun,180,3,0.8643,Utah
63,Kai Locksley,"Iowa Western C.C. (Baltimore,  MD)",DUAL,4-Jun,205,3,0.8643,UTEP
64,Hal Northern,"Northwest Mississippi C.C. (Senatobia,  MS)",DT,3-Jun,293,3,0.8641,Ole Miss
65,Thomas Lopez,"ASA College (New York) (Middletown,  NJ)",OT,5-Jun,300,3,0.8635,Ball State
66,Joe Babros,"Saddleback College (Mission Viejo,  CA)",SDE,5-Jun,250,3,0.8623,N.C. State
67,DuWayne Johnson,"Arizona Western College (Washington,  DC)",CB,2-Jun,172,3,0.8622,Syracuse
68,Najee Stevens-McKenzie,"ASA College (New York) (Bedford,  OH)",WDE,4-Jun,215,3,0.8609,Kansas
69,Keith Washington,"Copiah-Lincoln C.C. (Prattville,  AL)",CB,2-Jun,170,3,0.8602,West Virginia
70,Deven Boston,"Santa Ana College (Buena Park,  CA)",RB,Jun-00,225,3,0.86,UTSA
71,Chase Brown,"Lackawanna C.C. (Ashburn,  VA)",OT,5-Jun,315,3,0.8597,Pittsburgh
72,Pro Wells,"Northwest Mississippi C.C. (Saint Petersburg,  FL)",TE,4-Jun,235,3,0.859,TCU
73,Woody Barrett,"Copiah-Lincoln C.C. (Orlando,  FL)",DUAL,2-Jun,225,3,0.8589,Kent State
74,Greg Eisworth,"Trinity Valley C.C. (Grand Prairie,  TX)",S,Jun-00,195,3,0.8582,Iowa State
75,Willie Allen,"Tyler J.C.  (New Orleans,  LA)",OT,6-7.5,300,3,0.8582,Louisiana Tech
76,Cassius Peat,"Scottsdale C.C. (Scottsdale,  AZ)",SDE,4-Jun,280,3,0.8578,Virginia
77,Isaiah Johnson,"Northeastern Oklahoma A&M (Warner Robins,  GA)",DT,5-Jun,300,3,0.857,Southern Miss
78,Lone Toailoa,"Mt. San Antonio College (Walnut,  CA)",WDE,3-Jun,260,3,0.8569,California
79,Chris Stamps,"Northwest Mississippi C.C. (Vicksburg,  MS)",CB,1-Jun,180,3,0.8556,Middle Tennessee State
80,Daeqwan Bailey,"Pasadena City College (Raleigh,  NC)",DT,3-Jun,310,3,0.8556,uncommitted
81,Terence Williams,"Iowa Western C.C. (Riverview,  FL)",CB,1-Jun,185,3,0.8556,uncommitted
82,Antonio Gibson,"East Central C.C. (Mcdonough,  GA)",WR,2-Jun,220,3,0.8552,Memphis
83,Bryce Perkins,"Arizona Western College (Chandler,  AZ)",DUAL,2-Jun,215,3,0.855,Virginia
84,Haki Woods,"Pima C.C. (Tucson,  AZ)",CB,3-Jun,192,3,0.8549,Oregon
85,Darrion Jones,"Los Angeles Harbor College (Wilmington,  CA)",TE,6-Jun,245,3,0.8548,Colorado
86,Delrick Abrams Jr.,"Independence C.C. (Angie,  LA)",CB,3-Jun,180,3,0.8536,Colorado
87,Azur Kamara,"Arizona Western College (Phoenix,  AZ)",WDE,6-Jun,230,3,0.8535,Kansas
88,Aaron Maddox,"Pima C.C. (North Augusta,  SC)",S,1-Jun,192,3,0.8535,Colorado
89,Luke Sowa,"Butler County (KS) (El Dorado,  KS)",FB,3-Jun,245,3,0.8528,Kansas State
90,Rahsaan York,"American River C.C. (Sacramento,  CA)",OLB,Jun-00,210,3,0.852,Kansas State
91,Nick Dawson,"Northeastern Oklahoma A&M (McDonough,  GA)",OLB,2-Jun,215,3,0.8517,Southern Miss
92,Kenny Turnier,"Ventura College (Miami,  FL)",SDE,4-Jun,265,3,0.8517,UCF
93,Sione Vea Kava,"East Los Angeles College (Monterey Park,  CA)",DT,6-Jun,270,3,0.8514,Oregon
94,Jeremiah Jordan,"Mt. San Jacinto College (Stone Mountain,  GA)",WDE,6-Jun,250,3,0.8506,Utah
95,Stephon Robinson,"El Camino College (Torrance,  CA)",WR,10-May,165,3,0.8502,Kansas
96,Tra Minter,"Garden City C.C.  (Ellaville,  GA)",RB,5-8.5,190,3,0.85,uncommitted
97,Ramero Rock,"Georgia Military College (Milledgeville,  GA)",WDE,1-Jun,235,3,0.85,Charleston Southern
98,Tevita Musika,"College of San Mateo (Milpitas,  CA)",DT,1-Jun,300,3,0.85,Alabama
99,Je'Vari Anderson,"Laney College (Concord,  CA)",S,Jun-00,220,3,0.8499,UCLA
100,Malik Dixon,"Eastern Arizona College (Thatcher,  AZ)",S,3-Jun,215,3,0.8499,Rutgers
101,Charles Cameron,"Copiah-Lincoln C.C. (Morton,  MS)",DT,2-Jun,290,3,0.8496,Florida Atlantic
102,Randon Haynes,"Tyler J.C.  (Waxahachie,  TX)",OT,4-Jun,330,3,0.8495,uncommitted
103,Chauncey Manac,"Garden City C.C.  (Homerville,  GA)",OLB,3-Jun,243,3,0.8489,Louisiana
104,Colt Doughty,"College of San Mateo (San Mateo,  CA)",ILB,2-Jun,235,3,0.8481,California
105,Elijah Jones,"Ellsworth C.C. (Iowa Falls,  IA)",CB,2-Jun,180,3,0.8481,Kansas
106,Lakiem Williams,"Butte College (Spanaway,  WA)",OLB,2-Jun,240,3,0.8479,Syracuse
107,Val Martin,"Iowa Western C.C. (Marietta,  GA)",DT,2-Jun,305,3,0.8475,N.C. State
108,Mike Williams,"East Mississippi C.C. (Lake City,  FL)",WR,10-May,182,3,0.8474,Nebraska
109,Tariqious Tisdale,"Northwest Mississippi C.C. (Lexington,  TN)",SDE,5-Jun,280,3,0.8467,Ole Miss
110,Rakeem Boyd,"Independence C.C. (Houston,  TX)",RB,11-May,200,3,0.8467,Arkansas
111,Ahmad McCullough,"Hutchinson C.C. (Baltimore,  MD)",OLB,3-Jun,210,3,0.8467,Maryland
112,Jonathan Lolohea,"Copiah-Lincoln C.C. (Lahaina,  HI)",DT,3-Jun,310,3,0.8461,Washington State
113,Harry Ballard,"Jones County J.C. (Florissant,  MO)",WR,2-Jun,180,3,0.8444,Missouri
114,Terin Adams,"City College of San Francisco (Kirkland,  WA)",CB,Jun-00,190,3,0.844,Arizona State
115,Amadou Fofana,"Highland C.C. (Memphis,  TN)",SDE,5-Jun,270,3,0.8439,Oklahoma State
116,Keith Brigham,"Pima C.C. (Normal,  IL)",SDE,3-Jun,270,3,0.8428,Memphis
117,Antonio Nelson,"Coahoma C.C. (Montgomery,  AL)",CB,2-Jun,175,3,0.8428,uncommitted
118,Evander Craft,"College of DuPage (Glen Ellyn,  IL)",OLB,3-Jun,215,3,0.8425,Toledo
119,Quen Head,"Hutchinson C.C. (Forsyth,  GA)",OLB,2-Jun,215,3,0.8424,Louisville
120,Kishawn Miller,"Georgia Military College (Milledgeville,  GA)",CB,10-May,170,3,0.8415,N.C. State
121,Steven Bailey,"Glendale C.C. (Peoria,  AZ)",OG,3-Jun,290,3,0.8411,Arizona
122,Charlie Benton,"Butler C.C. (Opelika,  AL)",S,4-Jun,215,3,0.8407,West Virginia
123,Darreyl Patterson,"Northeastern Oklahoma A&M (Lawton,  OK)",CB,1-Jun,185,3,0.8405,Kansas State
124,Ricky Town,"Ventura College (Ventura,  CA)",PRO,3-Jun,209,3,0.8401,Pittsburgh
125,Deon White,"College of San Mateo (San Mateo,  CA)",S,3-Jun,210,3,0.84,California
126,Lamar Dawson,"Mt. San Antonio College (Walnut,  CA)",CB,Jun-00,204,3,0.84,Utah State
127,Dominic Stampley,"Coffeyville C.C. (Coffeyville,  KS)",WR,10-May,180,3,0.84,Illinois
128,Jack Colletto,"Arizona Western College (Camas,  WA)",DUAL,3-Jun,220,3,0.84,Oregon State
129,Tyree Thompson,"Los Angeles Valley College (Mission Hills,  CA)",ILB,3-Jun,235,3,0.8399,UCLA
130,Jeromy Reichner,"Los Angeles Valley College (Van Nuys,  CA)",DT,2-Jun,285,3,0.8399,Oregon State
131,Jake Ross,"Northeastern Oklahoma A&M (Miami,  OK)",TE,7-Jun,243,3,0.8398,Oklahoma State
132,Kendrick Catis,"Highland C.C. (Highland,  KS)",ILB,1-Jun,228,3,0.8394,Washington State
133,Malik Besseck,"ASA College (New York) (Brooklyn,  NY)",OT,5-Jun,280,3,0.8382,uncommitted
134,Sheriron Jones,"Mt. San Jacinto College (Moreno Valley,  CA)",DUAL,2-Jun,208,3,0.8367,New Mexico
135,Joe Brown,"Eastern Arizona College (Paramount,  CA)",OG,4-Jun,320,3,0.8367,West Virginia
136,Kevin Scott,"Arizona Western College (Los Angeles,  CA)",DT,5-Jun,315,3,0.8367,Nevada
137,Brandon Aiyuk,"Sierra College (Rocklin,  CA)",WR,1-Jun,195,3,0.8366,Arizona State
138,Mustafa Johnson,"Modesto J.C. (Modesto,  CA)",DT,2-Jun,285,3,0.8365,Colorado
139,D'Antne Demery,"Hutchinson C.C. (Brunswick,  GA)",OT,6-5.5,319,3,0.8356,FIU
140,Domonique Williams,"Highland C.C. (Knoxville,  TN)",CB,10-May,190,3,0.8349,Kentucky
141,Keenan Forbes,"Coffeyville C.C. (Hollywood,  FL)",OG,4-Jun,335,3,0.8345,Washington State
142,Isaiah Floyd,"City College of San Francisco (Pleasanton,  CA)",RB,7-May,185,3,0.834,Arizona State
143,Mike Brown,"Eastern Arizona College (Paramount,  CA)",OG,4-Jun,310,3,0.8336,West Virginia
144,Jerrion Nelson,"Iowa Western C.C. (Columbia,  MO)",DT,2-Jun,265,3,0.8333,uncommitted
145,David Viena-Falo,"Riverside C.C. (San Diego,  CA)",DT,2-Jun,290,3,0.8333,uncommitted
146,JoJo Henderson,"Snow College (Salt Lake City,  UT)",S,1-Jun,190,3,0.8333,uncommitted
147,Kendric Mallory,"Ventura College (Dayton,  OH)",WR,2-Jun,205,3,0.8333,uncommitted
148,Brandon Artis,"Blinn College (Port Arthur,  TX)",DT,5-Jun,300,3,0.8333,uncommitted
149,Jimmie Stoudemire,"Riverside C.C. (Prattville,  AL)",WR,4-Jun,200,3,0.8333,Arkansas
150,Kevon Abrams,"Butler C.C. (Pensacola,  FL)",RB,11-May,185,3,0.8333,uncommitted
151,Henry Yoboue,"ASA College (New York) (Brooklyn,  NY)",OT,8-Jun,310,3,0.8333,Youngstown State
152,Mar'Quess Daniels,"Arizona Western College (Yuma,  AZ)",WDE,3-Jun,245,3,0.8328,uncommitted
153,Emanuel Bridges,"East Mississippi C.C. (Newnan,  GA)",OLB,2-Jun,215,3,0.8328,uncommitted
154,Steven Mason,"Southwestern College (Encinitas,  CA)",SDE,8-Jun,250,3,0.8326,UCLA
155,Roy Yancey,"Arizona Western College (Opelika,  AL)",OLB,2-Jun,215,3,0.8317,South Alabama
156,John Hightower,"Hinds C.C. (Raymond,  MS)",WR,3-Jun,175,3,0.8317,Boise State
157,Johnathon Edwards,"Northeast Mississippi C.C. (Philadelphia,  MS)",S,3-Jun,185,3,0.8317,Austin Peay
158,Korey Mariboho,"Saddleback College (Mission Viejo,  CA)",OT,4-Jun,285,3,0.83,San Jose State
159,Terry Williams,"Itawamba C.C. (Fulton,  MS)",WR,8-May,175,3,0.83,uncommitted
160,Jaylon Henderson,"Trinity Valley C.C. (Humble,  TX)",DUAL,1-Jun,210,3,0.83,Boise State
161,Blaze Alldredge,"Moorpark College (Kissimmee,  FL)",ILB,2-Jun,210,3,0.83,Rice
162,David Swaby,"Navarro College (Los Angeles,  CA)",OT,9-Jun,315,3,0.83,Oklahoma
163,Zach Burks,"Coffeyville C.C. (Olathe,  KS)",DT,3-Jun,280,3,0.8299,Ohio
164,Nickolos Madourie,"Dakota College at Bottineau (Fort Lauderdale,  FL)",SDE,6-Jun,230,3,0.8291,Temple
165,Elmore Hempstead,"Fort Scott C.C. (Smackover,  AR)",CB,Jun-00,190,3,0.8286,Kansas
166,Tyquilo Moore,"Butler County (KS) (El Dorado,  KS)",DT,4-Jun,295,3,0.8278,Kansas State
167,Tyrell Thompson,"Trinity Valley C.C. (Athens,  TX)",DT,3-Jun,300,3,0.8267,uncommitted
168,Myron Mitchell,"Butler C.C. (Jasper,  AL)",WR,Jun-00,170,3,0.8267,UAB
169,Neil McLaurin,"Southwest Mississippi C.C. (Summit,  MS)",DUAL,3-Jun,200,3,0.8267,Southern Miss
170,Connor Taylor,"Snow College (Kaysville,  UT)",ILB,1-Jun,228,3,0.8267,Louisiana Tech
171,B.J. Emmons,"Hutchinson C.C. (Morganton,  NC)",RB,Jun-00,230,3,0.8267,Florida Atlantic
172,Markevion Quinn,"Pearl River C.C. (Ruleville,  MS)",DUAL,3-Jun,195,3,0.8267,Memphis
173,Brett Bell,"Hutchinson C.C. (Wichita,  KS)",TE,6-Jun,247,3,0.8256,UCF
174,D.J. Williams,"Independence C.C. (Smyrna,  TN)",CB,9-May,185,3,0.8256,Utah State
175,Emari Demercado,"Saddleback College (Mission Viejo,  CA)",RB,11-May,200,3,0.8256,TCU
176,Trey Baldwin,"Trinity Valley C.C. (Houston,  TX)",OLB,2-Jun,235,3,0.8245,Louisiana Tech
177,Damion Dickens,"Copiah-Lincoln C.C. (Lexington,  MS)",WDE,2-Jun,250,3,0.8244,Colorado State
178,Nick Walker,"Cisco College (Saint Louis,  MO)",CB,10-May,185,3,0.8244,Illinois
179,Kevion McGee,"Northeastern Oklahoma A&M (Miami,  OK)",S,10-May,185,3,0.8244,Kansas State
180,Jeremiah McCullough,"Hartnell College (Salinas,  CA)",S,Jun-00,200,3,0.8244,Kansas
181,Jack Abraham,"Northwest Mississippi C.C. (Oxford,  MS)",PRO,Jun-00,198,3,0.8237,Southern Miss
182,Foster Dixson,"West Los Angeles College (Los Angeles,  CA)",SDE,5-Jun,250,3,0.8236,Kansas
183,Max Gilliam,"Saddleback College (Thousand Oaks,  CA)",PRO,2-Jun,200,3,0.8231,UNLV
184,Jermaine Ledbetter,"Coffeyville C.C. (Coffeyville,  KS)",OG,5-Jun,325,3,0.8228,Nevada
185,PJ Johnson,"City College of San Francisco (Sacramento,  CA)",DT,5-Jun,315,3,0.8217,Arizona
186,Lorenzo Dantzler,"East Mississippi C.C. (Starkville,  MS)",WDE,2-Jun,233,3,0.8217,UTSA
187,Cody Fletcher,"Tyler J.C.  (Henrietta,  TX)",ILB,1-Jun,220,3,0.8217,Kansas State
188,Kary Kutsch,"Butte College (Oroville,  CA)",OT,5-Jun,300,3,0.8217,Colorado
189,Melvin Johnson,"Riverside C.C. (North Las Vegas,  NV)",DT,5-Jun,285,3,0.821,Toledo
190,Calvin Jackson,"Independence C.C. (Pompano Beach,  FL)",WR,9-May,160,3,0.8208,Washington State
191,Ben Sutton,"Blinn College (League City,  TX)",CB,10-May,170,3,0.8206,Tulsa
192,Darwin Thompson,"Northeastern Oklahoma A&M (Jenks,  OK)",APB,9-May,195,3,0.8206,Utah State
193,Desean Holmes,"College of the Canyons (Pasadena,  CA)",WR,10-May,175,3,0.82,Florida Atlantic
194,Malik Williams,"Northland College (Thief River Falls,  MN)",WR,8-May,165,3,0.82,uncommitted
195,Troy Burnett,"Kilgore J.C. (Missouri City,  TX)",ILB,11-May,215,3,0.82,uncommitted
196,Duane Tuitasi,"Golden West College (Huntington Beach,  CA)",DT,1-Jun,295,3,0.82,San Jose State
197,Justus Tavai,"El Camino College (Torrance,  CA)",SDE,3-Jun,290,3,0.82,Hawaii
198,Manase Time,"Golden West College (Huntington Beach,  CA)",S,Jun-00,205,3,0.82,Hawaii
199,Dallas Martin,"Santa Barbara City College (Santa Barbara,  CA)",OLB,2-Jun,220,3,0.82,Marshall
200,Jerry Jacobs,"Hutchinson C.C. (Hutchinson,  KS)",CB,11-May,195,3,0.82,Arkansas State
201,Kenneth George Jr.,"Trinity Valley C.C. (Athens,  TX)",CB,Jun-00,197,3,0.82,Tennessee
202,Davon Ferguson,"Hartnell College (Laurel,  MD)",S,11-May,190,3,0.8191,Kansas
203,Trevor Denbow,"Navarro College (Corsicana,  TX)",OLB,1-Jun,220,3,0.8178,SMU
204,Brennen Wooten,"Tyler J.C.  (San Angelo,  TX)",PRO,2-Jun,195,3,0.8171,Louisiana-Monroe
205,Brandon Johnson,"Tyler J.C.  (Dallas,  TX)",S,Jun-00,185,3,0.8167,Tulsa
206,TJ King,"Navarro College (Irving,  TX)",WDE,3-Jun,245,3,0.8167,UTSA
207,Christopher DeLoach,"East Central C.C. (Columbus,  MS)",TE,5-Jun,250,3,0.8167,UCF
208,Bo Alexander,"Arizona Western College (Winter Springs,  FL)",OT,4-Jun,300,3,0.8167,Houston
209,Keith Brown,"Northwest Mississippi C.C. (Senatobia,  MS)",ILB,2-Jun,230,3,0.8167,Memphis
210,Josh McMullen,"East Central C.C. (Decatur,  MS)",OT,5-Jun,270,3,0.8158,UCF
211,Edward Hayes,"Kilgore J.C. (Coldspring,  TX)",S,2-Jun,205,3,0.8156,uncommitted
212,Ricky Thomas,"Blinn College (Geismar,  LA)",CB,10-May,185,3,0.8156,Kansas
213,Montre Bonner,"Fullerton College (Fullerton,  CA)",SDE,3-Jun,260,3,0.8156,Memphis
214,Von'Darius Freeman,"Southwest Mississippi C.C. (Ville Platte,  LA)",DT,3-Jun,320,3,0.8145,Southern Miss
215,Lamontre Huval,"Northeastern Oklahoma A&M (Breaux Bridge,  LA)",OLB,2-Jun,196,3,0.8128,uncommitted
216,Ty Williams,"East Mississippi C.C. (Charleston,  MS)",CB,11-May,170,3,0.8117,Southern Miss
217,Robert Hayes Jr.,"Coffeyville C.C. (Slidell,  LA)",CB,2-Jun,190,3,0.8117,SMU
218,TieNeal Martin,"Yuba College (Marysville,  CA)",OLB,1-Jun,203,3,0.8117,Tulsa
219,Tristan Nichols,"Arizona Western College (Yuma,  AZ)",DT,4-Jun,295,3,0.8117,Nevada
220,Tavon Cox,"Iowa Western C.C. (Haines City,  FL)",OLB,3-Jun,220,3,0.8111,uncommitted
221,Adebayo Soremekun,"Long Beach City College (Long Beach,  CA)",WDE,3-Jun,280,3,0.8111,New Mexico
222,Fokam Parfait,"ASA College (New York) (Montclair,  NJ)",S,Jun-00,200,3,0.8111,uncommitted
223,Denzel Washington,"Tyler J.C.  (Monroe,  LA)",S,1-Jun,206,3,0.8111,Southern Miss
224,Joe Smith,"Iowa Western C.C. (Council Bluffs,  IA)",S,2-Jun,205,3,0.8111,uncommitted
225,C.J. Sims,"Butler C.C. (El Dorado,  KS)",WR,8-May,165,3,0.8111,uncommitted
226,Alejandro Solis,"ASA College (Miami) (North Miami Beach,  FL)",OG,1-Jun,295,3,0.8111,uncommitted
227,Alex Tchangam,"De Anza College (Cupertino,  CA)",WDE,3-Jun,250,3,0.8111,Colorado
228,Devon Davis,"Lackawanna C.C. (Cincinnati,  OH)",OC,3-Jun,330,3,0.8111,Pittsburgh
229,Gleson Sprewell,"Mesa C.C. (Peoria,  AZ)",S,Jun-00,182,3,0.8106,Houston
230,Jeffmario Brown,"Hutchinson C.C. (Hutchinson,  KS)",SDE,3-Jun,235,3,0.8106,Arkansas State
231,Aaron Dowdell,"Georgia Military College (Atlanta,  GA)",OG,6-4.5,310,3,0.81,Georgia Southern
232,Matt McClellan,"Kilgore J.C. (Saint Charles,  MO)",WDE,4-Jun,215,3,0.81,uncommitted
233,Nick Abbs,"Fresno City College (Fresno,  CA)",OT,5-Jun,280,3,0.81,Fresno State
234,Kohl Levao,"City College of San Francisco (San Francisco,  CA)",OG,5-Jun,320,3,0.81,Hawaii
235,Jacob Copeland,"Navarro College (Southlake,  TX)",ILB,1-Jun,230,3,0.81,Baylor
236,Jamal Bell,"Tyler J.C.  (Brownsboro,  TX)",WR,Jun-00,170,3,0.81,Louisiana
237,Malik Welch,"Long Beach City College (Torrance,  CA)",S,Jun-00,181,3,0.81,Tulsa
238,Mekhi Blackmon,"College of San Mateo (San Mateo,  CA)",CB,Jun-00,175,3,0.81,Colorado
239,Landon Rice,"Mississippi Gulf Coast C.C. (Calhoun,  GA)",TE,5-Jun,253,3,0.81,Jacksonville State
240,Rayshawn Wilborn,"Garden City C.C.  (Lansing,  MI)",OLB,4-Jun,225,3,0.8095,Ball State
241,Charles Cole,"Butler C.C. (El Dorado,  KS)",DT,3-Jun,280,3,0.8094,Kansas
242,Trent Schneider,"Santa Barbara City College (Santa Barbara,  CA)",P,Jun-00,190,3,0.8094,USF
243,Dan Ellington,"Itawamba C.C. (Fulton,  MS)",DUAL,2-Jun,192,3,0.8083,Georgia State
244,Trevor Elbert,"Ventura College (Rockwall,  TX)",OT,5-Jun,320,3,0.8075,UCF
245,Jobdariel Gomez,"ASA College (Miami) (Miami,  FL)",OT,4-Jun,270,3,0.8067,Temple
246,Warren Saba,"Garden City C.C.  (Cleveland,  OH)",CB,10-May,190,3,0.8067,East Carolina
247,Tairek Johnson,"Northwest Mississippi C.C. (Corinth,  MS)",OT,5-Jun,300,3,0.8067,Southern Miss
248,Manuel Orona,"Glendale C.C. (Glendale,  AZ)",OT,3-Jun,285,3,0.8067,Memphis
249,Jajuan Blankenship,"Independence C.C. (Anderson,  SC)",DT,2-Jun,275,3,0.8067,Tulsa
250,Reuben Lewis,"Coffeyville C.C. (Apopka,  FL)",OG,4-Jun,330,3,0.8067,Kansas
251,Beau Morris,"Blinn College (Baton Rouge,  LA)",OT,6-Jun,280,3,0.8067,SMU
252,Artie Henry III,"San Diego Mesa College (San Diego,  CA)",WR,1-Jun,185,3,0.8067,Marshall
253,Nathaniel Vaughn,"El Camino College (Torrance,  CA)",CB,1-Jun,180,3,0.8056,Nevada
254,Deandre Torrey,"Mississippi Gulf Coast C.C. (Gautier,  MS)",RB,10-May,185,3,0.8056,North Texas
255,Kevin Perkins,"Northwest Mississippi C.C. (Senatobia,  MS)",RB,Jun-00,230,3,0.8056,Troy
256,Justin Garrett,"Cerritos College (Cerritos,  CA)",WR,Jun-00,190,3,0.8056,UTEP
257,Tim Faison,"Independence C.C. (Tallahassee,  FL)",OLB,2-Jun,225,3,0.8056,North Texas
258,Jordan Wayne-Prather,"Antelope Valley College (Lancaster,  CA)",WR,1-Jun,195,3,0.8056,Marshall
259,Nehemiah Shelton,"Long Beach City College (Long Beach,  CA)",CB,1-Jun,170,3,0.8045,San Jose State
260,Yohance Burnett,"Navarro College (Pearland,  TX)",OLB,1-Jun,220,3,0.8028,Tulsa
261,Corey Dunn,"City College of San Francisco (Australia,  AUST)",P,1-Jun,200,3,0.8024,Iowa State
262,DeMichael Harris,"Hinds C.C. (Vicksburg,  MS)",WR,10-May,175,3,0.8017,Southern Miss
263,TyRee Evans,"East Mississippi C.C. (Scooba,  MS)",OLB,2-Jun,210,3,0.8017,Southern Miss
264,Kyler Hack,"Orange Coast College (Costa Mesa,  CA)",OT,6-Jun,300,3,0.8017,Utah State
265,CJ Perez,"Butler C.C. (El Dorado,  KS)",OC,2-Jun,282,3,0.8017,Northern Illinois
266,Zedrick Raymond,"Independence C.C. (Independence,  KS)",CB,Jun-00,180,3,0.8017,Miami (OH)
267,Miles Kendrick,"College of San Mateo (San Jose,  CA)",DUAL,9-May,193,3,0.8017,Kansas
268,Colby Ragland,"Jones County J.C. (Raymond,  MS)",OT,6-Jun,295,3,0.8006,UAB
269,Jordan Carmouche,"Navarro College (Manvel,  TX)",WDE,2-Jun,255,3,0.8,uncommitted
270,Umstead Sanders,"Hinds C.C. (Port Saint Joe,  FL)",OLB,2-Jun,240,3,0.8,Florida
271,Alex Dalpe,"Long Beach City College (Long Beach,  CA)",OT,4-Jun,290,3,0.8,Hawaii
272,Jordan Hendy,"College of San Mateo (San Mateo,  CA)",CB,1-Jun,185,3,0.8,Toledo
273,Misiona Aiolupotea-Pei,"Riverside C.C. (Riverside,  CA)",SDE,3-Jun,260,3,0.8,Washington State
274,Jalil Lecky,"College of San Mateo (San Mateo,  CA)",SDE,5-Jun,220,3,0.8,San Diego State
275,Kingston Davis,"Independence C.C. (Prattville,  AL)",RB,1-Jun,245,3,0.8,UAB
276,Jan-Phillip Bombek,"Feather River College (Plumas Ntl Forest,  CA)",SDE,3-Jun,255,2,0.7967,Colorado State
277,Cordale Grundy,"Northeastern Oklahoma A&M (Tulsa,  OK)",DUAL,1-Jun,190,2,0.7967,UTSA
278,Jake Hudson,"Saddleback College (Rancho Santa Margarita,  CA)",WDE,4-Jun,235,2,0.7956,Toledo
279,Meiko Dotson,"Garden City C.C.  (Daytona Beach,  FL)",CB,5-10.5,188,2,0.7956,Florida Atlantic
280,John Hines,"Southwest Mississippi C.C. (Montgomery,  AL)",WDE,4-Jun,230,2,0.7956,Troy
281,Jovon Burriss Jr,"Fullerton College (Germantown,  MD)",S,2-Jun,185,2,0.7956,McNeese State
282,Drew Bronson,"Garden City C.C.  (Garden City,  KS)",OC,3-Jun,270,2,0.7956,uncommitted
283,DeMario Burnett,"Butler C.C. (El Dorado,  KS)",WDE,7-Jun,255,2,0.7956,uncommitted
284,Avery Jones,"Golden West College (Huntington Beach,  CA)",ILB,1-Jun,235,2,0.7956,Middle Tennessee State
285,Mason Mata'afa,"Orange Coast College (Costa Mesa,  CA)",SDE,5-Jun,235,2,0.7956,Hawaii
286,Will Gilchrist,"Blinn College (Deer Park,  TX)",OC,3-Jun,290,2,0.7945,Middle Tennessee State
287,Mike Witherspoon,"Hutchinson C.C. (Lawrenceville,  GA)",S,1-Jun,195,2,0.7944,East Carolina
288,Brandon Floyd,"Trinity Valley C.C. (Denton,  TX)",OLB,3-Jun,215,2,0.7944,Louisiana Tech
289,Hunter Raquet,"Monterey Peninsula College (Hollister,  CA)",DUAL,4-Jun,200,2,0.7933,Fresno State
290,Matt Martin,"Trinity Valley C.C. (Deer Park,  TX)",OC,2-Jun,285,2,0.7933,Middle Tennessee State
291,Tyler Ringwood,"Erie C.C. (Buffalo,  NY)",WR,3-Jun,221,2,0.7933,Charlotte
292,Thomas Toki,"College of San Mateo (Mountain View,  CA)",DT,Jun-00,305,2,0.7917,Arkansas State
293,Diondre Champaigne,"Jones County J.C. (North Charleston,  SC)",WR,3-Jun,194,2,0.7906,Georgia State
294,Peytton Pickett,"Trinity Valley C.C. (Arlington,  TX)",RB,8-May,183,2,0.7906,Liberty
295,Ross Painter,"Northeast Mississippi C.C. (Hernando,  MS)",TE,4-Jun,225,2,0.7906,Arkansas State
296,Moss Saccomanno,"Dodge City C.C. (Dodge City,  KS)",TE,5-Jun,235,2,0.7905,Charlotte
297,Adrien Cross,"Hutchinson C.C. (Brunswick,  GA)",S,10-May,185,2,0.7905,Texas Tech
298,Dior Johnson,"Independence C.C. (Southfield,  MI)",S,2-Jun,195,2,0.7905,Murray State
299,James Alston,"Coffeyville C.C. (Hackensack,  NJ)",OT,7-Jun,305,2,0.7905,uncommitted
300,Derek Thomas,"Cerritos College (Norwalk,  CA)",SDE,3-Jun,215,2,0.79,Hawaii
301,Erskine Francis,"Fort Scott C.C. (Fort Scott,  KS)",CB,1-Jun,180,2,0.79,Austin Peay
302,Lorenzo McCaskill,"Holmes C.C. (Southfield,  MI)",OLB,2-Jun,210,2,0.79,Louisiana
303,Landon Forman,"Northeastern Oklahoma A&M (Miami,  OK)",OT,5-Jun,280,2,0.79,Akron
304,Michael Thompson,"Modesto J.C. (Modesto,  CA)",WR,4-Jun,189,2,0.79,Eastern Michigan
305,Keith Williams,"Independence C.C. (Baltimore,  MD)",OT,7-Jun,280,2,0.79,Colorado State
306,Ernest Moore,"City College of San Francisco (San Francisco,  CA)",OT,-,-,2,0.79,Hawaii
307,Gene Pryor,"College of the Sequoias (Visalia,  CA)",OG,3-Jun,312,2,0.79,Hawaii
308,Jordan Johnson,"Garden City C.C.  (Lansdowne,  PA)",OG,4-Jun,311,2,0.79,East Carolina
309,Johnny Lumpkin,"Hutchinson C.C. (Atlanta,  GA)",TE,6-Jun,230,2,0.79,Louisiana
310,Cameron Solomon,"Tyler J.C.  (Ashdown,  AR)",CB,11-May,180,2,0.79,Louisiana
311,Jalyn Galmore,"Itawamba C.C. (Batesville,  MS)",OG,5-Jun,290,2,0.7894,UTSA
312,Mario Dungy,"Highland C.C. (Eight Mile,  AL)",DT,3-Jun,285,2,0.7894,Georgia State
313,Hassan Belton,"Butler C.C. (Blythewood,  SC)",OLB,Jun-00,215,2,0.7894,Bowling Green
314,Jo-El Shaw,"Lackawanna C.C. (Pittsburgh,  PA)",RB,1-Jun,235,2,0.7894,Kent State
315,Walter Harris,"Mt. San Antonio College (Walnut,  CA)",OG,3-Jun,285,2,0.7889,uncommitted
316,Chris Evagues,"Saddleback College (Mission Viejo,  CA)",WDE,1-Jun,225,2,0.7889,uncommitted
317,Devontae Seay,"College of the Canyons (Albany,  GA)",WR,11-May,165,2,0.7889,uncommitted
318,Deanjelo Anderson,"Ellsworth C.C. (Iowa Falls,  IA)",OLB,3-Jun,230,2,0.7889,uncommitted
319,Jack Luavasa,"Snow College (Ephraim,  UT)",TE,4-Jun,240,2,0.7889,Kansas
320,Babak Ghadaksaz,"Saddleback College (Irvine,  CA)",OG,4-Jun,285,2,0.7889,Portland State
321,Sonnie Richardson,"Mesa C.C. (Mesa,  AZ)",WR,9-May,185,2,0.7889,uncommitted
322,De'Abrie Smith,"College of the Desert (Palatka,  FL)",PRO,1-Jun,200,2,0.7889,uncommitted
323,Cal Kee,"East Central C.C. (Hampton,  VA)",S,1-Jun,205,2,0.7883,Louisiana-Monroe
324,Darrian McMillan,"Butler C.C. (Mobile,  AL)",WDE,3-Jun,255,2,0.7855,North Texas
325,Judge Hartin,"Northeastern Oklahoma A&M (Madill,  OK)",OG,4-Jun,285,2,0.7855,Tulsa
326,Quin Jones,"East Mississippi C.C. (Oxford,  MS)",ILB,1-Jun,225,2,0.7855,Stephen F. Austin
327,Cole Baker,"East Mississippi C.C. (Scooba,  MS)",DT,3-Jun,275,2,0.7855,Ohio
328,Luca Vartic,"Arizona Western College (Kealakekua,  HI)",CB,2-Jun,200,2,0.7855,UNLV
329,Kendricks Gladney,"ASA College (New York) (Brooklyn,  NY)",S,Jun-00,195,2,0.7855,Middle Tennessee State
330,Wallace Cowins,"Georgia Military College (Milledgeville,  GA)",SDE,4-Jun,240,2,0.7855,Coastal Carolina
331,Tre Bland,"Riverside C.C. (Riverside,  CA)",OG,2-Jun,288,2,0.7844,New Mexico
332,Thomas Odukoya,"Garden City C.C.  (Garden City,  KS)",TE,6-Jun,265,2,0.7844,Eastern Michigan
333,Shawn Simeon,"Coffeyville C.C. (Coffeyville,  KS)",SDE,6-Jun,240,2,0.7844,Eastern Michigan
334,Jeffrey Keene,"Fort Scott C.C. (Fort Scott,  KS)",WDE,4-Jun,215,2,0.7844,Hawaii
335,Justin Prince,"Long Beach City College (Harbor City,  CA)",S,11-May,195,2,0.7844,UTEP
336,Tyler Glass,"Copiah-Lincoln C.C. (Greenwood,  MS)",S,1-Jun,200,2,0.7844,Louisiana-Monroe
337,Jalen Nelson,"Southwestern College (Chula Vista,  CA)",CB,2-Jun,180,2,0.7833,San Jose State
338,Ky'el Hemby,"Iowa Western C.C. (Council Bluffs,  IA)",CB,1-Jun,205,2,0.7833,Southern Miss
339,Jarvis Hayes,"Itawamba C.C. (Slocomb,  AL)",WDE,4-Jun,215,2,0.7805,Troy
340,Tukua Ahoia,"College of San Mateo (San Mateo,  CA)",DT,Jun-00,310,2,0.7805,Arkansas State
341,David Zavala,"Cerritos College (Norwalk,  CA)",OT,2-Jun,307,2,0.7805,New Mexico
342,Jonathan Timmons,"Coffeyville C.C. (Memphis,  TN)",OG,5-Jun,320,2,0.78,Charlotte
343,O'Shea Jackson,"Trinity Valley C.C. (Arlington,  TX)",DT,1-Jun,300,2,0.78,uncommitted
344,Jacob Whitmer,"Chaffey College (Rancho Cucamonga,  CA)",TE,6-Jun,245,2,0.78,uncommitted
345,Tyler Orsini,"Ventura College (Ventura,  CA)",OG,3-Jun,300,2,0.78,uncommitted
346,Arthur Jackson III,"American River C.C. (Sacramento,  CA)",WR,Jun-00,185,2,0.78,Eastern Michigan
347,Breon Hayward,"Navarro College (Corsicana,  TX)",OLB,2-Jun,225,2,0.78,Marshall
348,Caleb Mills,"Dodge City C.C. (Gastonia,  NC)",WR,6-3.5,172,2,0.78,New Mexico State
349,Presley Motes,"Eastern Arizona College (Thatcher,  AZ)",TE,4-Jun,235,2,0.78,Bowling Green
350,Shannon Hall,"College of DuPage (Indianapolis,  IN)",SDE,3-Jun,255,2,0.78,Ball State
351,Dominion Ezinwa,"Chaffey College (Rancho Cucamonga,  CA)",DT,4-Jun,300,2,0.78,UNLV
352,Carlos Thompson,"Independence C.C. (Manvel,  TX)",WR,9-May,185,2,0.78,uncommitted
353,Gavin Sharp,"Blinn College (Brenham,  TX)",TE,5-Jun,240,2,0.78,UTSA
354,Travis Bird,"College of the Canyons (Stevenson Ranch,  CA)",OG,5-Jun,295,2,0.78,South Alabama
355,Cade Baumann,"Northeastern Oklahoma A&M (Miami,  OK)",WDE,4-Jun,215,2,0.7794,Tulsa
356,Gerald Bell,"Pearl River C.C. (Bessemer,  AL)",OG,5-Jun,255,2,0.7794,Troy
357,Tres Barboza,"Tyler J.C.  (Castroville,  TX)",OT,5-Jun,295,2,0.7794,UTEP
358,Josh Caldwell,"Cerritos College (La Mirada,  CA)",CB,1-Jun,180,2,0.7794,UTEP
359,Vada King,"Holmes C.C. (Smiths Station,  AL)",WDE,1-Jun,230,2,0.7755,uncommitted
360,Treyvion Shannon,"Mississippi Gulf Coast C.C. (Clarksdale,  MS)",OT,5-Jun,305,2,0.7744,UTSA
361,Austin Watkins,"Dodge City C.C. (Dodge City,  KS)",WR,3-Jun,200,2,0.7744,UAB
362,Nick Dennis,"Navarro College (Midland,  TX)",OG,4-Jun,315,2,0.7744,SMU
363,Myles Plummer,"Coffeyville C.C. (Chester,  VA)",S,1-Jun,185,2,0.7744,UNLV
364,Teddy Gallagher,"Glendale C.c. (Glendale,  CA)",ILB,2-Jun,235,2,0.7744,Coastal Carolina
365,Jarred Sylvester,"Dodge City C.C. (Dodge City,  KS)",OT,4-Jun,300,2,0.7744,New Mexico
366,A.J. Greeley,"College of the Sequoias (Fresno,  CA)",CB,10-May,170,2,0.7744,New Mexico
367,Travis Sailo,"Itawamba C.C. (Buhl,  AL)",DT,2-Jun,230,2,0.7744,Troy
368,Bruce Burns,"Laney College (Oakland,  CA)",OT,3-Jun,345,2,0.7744,Idaho
369,Aaron Boatright,"East Mississippi C.C. (Scooba,  MS)",SDE,5-Jun,241,2,0.7744,Idaho
370,Tyrone Neal,"Fort Scott C.C. (Fort Scott,  KS)",ILB,Jun-00,225,2,0.7733,Eastern Michigan
371,Bobby Brown,"College of the Canyons (Valencia,  CA)",CB,1-Jun,170,2,0.7733,San Jose State
372,Kendall Parham,"Jones County J.C. (Ellisville,  MS)",WR,10-May,179,2,0.7733,UAB
373,Ray Buford,"Independence C.C. (Southfield,  MI)",CB,2-Jun,190,2,0.7733,New Mexico State
374,Patrick Peek,"Trinity Valley C.C. (Aledo,  TX)",S,11-May,200,2,0.7733,New Mexico
375,Tavis Malakius,"Fort Scott C.C. (Macon,  GA)",DT,3-Jun,297,2,0.7733,UNLV
376,Shane Johnson,"Snow College (Houston,  TX)",DUAL,2-Jun,220,2,0.77,Texas A&M
377,Atunaisa Vainikolo,"Mt. San Antonio College (Walnut,  CA)",DT,2-Jun,280,2,0.77,Buffalo
378,Devon Jackson,"Santa Ana College (Santa Ana,  CA)",WR,2-Jun,190,2,0.77,Middle Tennessee State
379,Thomas Preston III,"Scottsdale C.C. (Mesa,  AZ)",OT,4-Jun,290,2,0.77,North Texas
380,Damien Crumitie,"Dodge City C.C. (Tallahassee,  FL)",S,11-May,174,2,0.77,Grambling State
381,Lautoa Nomura,"Santa Ana College (Santa Ana,  CA)",S,1-Jun,195,2,0.77,New Mexico State
382,Bryce Petersen,"Riverside C.C. (Mckinleyville,  CA)",OG,3-Jun,280,2,0.77,Akron
383,Zack Bennett,"Arizona Western College (Meridian,  ID)",OC,3-Jun,280,2,0.77,Florida Atlantic
384,Alexander Vainikolo,"Mt. San Antonio College (Walnut,  CA)",ILB,Jun-00,235,2,0.77,New Mexico
385,Alvin Pacheco,"Ventura College (Ventura,  CA)",S,Jun-00,185,2,0.77,Texas State
386,Tuni Ropati,"City College of San Francisco (San Francisco,  CA)",DT,2-Jun,290,2,0.77,Ball State
387,Travis Reed,"Jones County J.C. (Ellisville,  MS)",CB,2-Jun,175,2,0.7694,South Alabama
388,Alex Bridges,"Cisco College (Tyler,  TX)",OT,6-Jun,320,2,0.7694,Central Arkansas
389,Cooper Lee,"Coffeyville C.C. (De Soto,  KS)",P,1-Jun,195,2,0.7694,Bowling Green
390,A.J. Beach,"Georgia Military College (Milledgeville,  GA)",CB,10-May,185,2,0.7683,Appalachian State
391,Ahmari Davis,"Laney College (Oakland,  CA)",RB,11-May,190,2,0.7683,New Mexico
392,Aires Gardner,"Navarro College (Houston,  TX)",OG,3-Jun,290,2,0.7667,Lamar
393,Jordan Beaton,"Jones County J.C. (Gulfport,  MS)",DT,2-Jun,285,2,0.7644,South Alabama
394,Cullen Wick,"Blinn College (Hallettsville,  TX)",SDE,2-Jun,250,2,0.7644,Tulsa
395,Josh Sa'afi,"Mt. San Antonio College (Euless,  TX)",WDE,3-Jun,272,2,0.7644,North Texas
396,Daymon Anderson,"Lackawanna C.C. (Scranton,  PA)",CB,1-Jun,195,2,0.7633,Charlotte
397,Cameron Townsend,"Moorpark College (Westlake Village,  CA)",DT,1-Jun,265,2,0.7633,Idaho
398,Turan Rush,"Antelope Valley College (Lancaster,  CA)",DT,1-Jun,260,2,0.7633,Eastern Michigan
399,Kaleb Meder,"American River C.C. (Wheatland,  CA)",SDE,3-Jun,250,2,0.7633,Nevada
400,Kobie Beltram,"City College of San Francisco (Antioch,  CA)",ILB,1-Jun,230,2,0.7633,Eastern Michigan
401,Trent Sellers,"Coffeyville C.C. (Tyrone,  GA)",SDE,5-Jun,265,2,0.7633,New Mexico
402,Barry Howard,"Copiah-Lincoln C.C. (Wesson,  MS)",SDE,2-Jun,230,2,0.7633,Louisiana-Monroe
403,Cedric Byrd,"Long Beach City College (Harbor City,  CA)",WR,9-May,170,2,0.7633,Hawaii
404,Erin Austin,"Laney College (Oakland,  CA)",WDE,3-Jun,270,2,0.7633,New Mexico
405,Ariyon Huff,"Yuba College (Marysville,  CA)",WR,8-May,191,2,0.7633,Idaho
406,Jason Thomas,"Golden West College (Downey,  CA)",CB,11-May,170,2,0.76,uncommitted
407,Moses Landis,"American River C.C. (Sacramento,  CA)",OT,4-Jun,295,2,0.76,Nevada
408,Diego Cervantes,"American River C.C. (Sacramento,  CA)",OC,2-Jun,270,2,0.76,Old Dominion
409,Eric Pulliam,"Fullerton College (Fullerton,  CA)",OG,5-Jun,305,2,0.76,New Mexico State
410,Joey Banks,"City College of San Francisco (Elk Grove,  CA)",S,10-May,180,2,0.76,Buffalo
411,Tyrrel Eddington,"Bakersfield College (Bakersfield,  CA)",DT,3-Jun,305,2,0.76,Eastern Michigan
412,Dominic Taylor,"Hutchinson C.C. (Snellville,  GA)",OT,5-Jun,275,2,0.76,Charlotte
413,Luqman Barcoo,"Grossmont College (El Cajon,  CA)",CB,1-Jun,170,2,0.76,San Diego State
414,DeJohn Rogers,"Monroe College (Matawan,  NJ)",CB,Jun-00,175,2,0.76,New Mexico
415,Cooper Garcia,"Ventura College (Ojai,  CA)",K,10-May,200,2,0.7583,Massachusetts
416,Carter Wood,"Mississippi Gulf Coast C.C. (Starkville,  MS)",OT,5-Jun,275,2,0.7583,UAB
417,DeShondrick Foxworth,"Jones County J.C. (Ellisville,  MS)",DT,2-Jun,314,2,0.7583,Buffalo
418,LaRance Shaw,"Cisco College (Fort Worth,  TX)",DT,11-May,250,2,0.7583,Louisiana-Monroe
419,Edwin Grande,"Monterey Peninsula College (Monterey,  CA)",OT,5-Jun,291,2,0.7583,Idaho
420,Jawaski Webb,"Holmes C.C. (Goodman,  MS)",OG,2-Jun,280,2,0.7533,Georgia Southern
421,Brian Robinson,"Laney College (Oakland,  CA)",OG,4-Jun,346,2,0.7533,Idaho
422,Chris Estrella,"Mt. San Jacinto College (San Jacinto,  CA)",OT,5-Jun,285,2,0.75,New Mexico
423,Nate Needham,"Erie C.C. (Buffalo,  NY)",K,1-Jun,185,2,0.75,uncommitted
424,Steavenson Fernand,"ASA College (Miami) (Fort Lauderdale,  FL)",WR,3-Jun,190,2,0.75,Idaho
425,Justin Rohrwasser,"Erie C.C. (Buffalo,  NY)",K,3-Jun,209,2,0.75,Marshall
426,Adam Valiga,"College of DuPage (Glen Ellyn,  IL)",TE,5-Jun,245,2,0.75,Eastern Kentucky
427,Tyson Dyer,"Palomar College (San Marcos,  CA)",P,2-Jun,198,2,0.75,New Mexico
428,Bryce Wempa,"Tyler J.C.  (Royse City,  TX)",TE,5-Jun,248,2,0.74,Stephen F. Austin
429,Patrick LeCorre,"Eastern Arizona College (Thatcher,  AZ)",K,1-Jun,200,2,0.74,Ball State
430,Marquise Griffin,"East Mississippi C.C. (Scooba,  MS)",DT,3-Jun,320,2,0.74,Austin Peay
431,Oscar Draguicevich,"Temple College (Hutto,  TX)",P,11-May,185,2,0.73,UTEP
432,Xavier Santiago,"ASA College (Miami) (Fort Myers,  FL)",OT,5-Jun,290,2,0.7,Wagner
